备盒,包缴窜拌,林狼窜拌,版拌窜拌,缴阿窜拌,沥惑券盔
家剧碍达&面林达,2015-03-02,2015-05-19,,,2016-04-01
家剧碍达&面林达,2016-08-23,,,,2016-11-10
家剧碍达&面林达,2017-06-11,,,,2017-07-04
家剧碍达&面林达,2018-08-14,,,,2018-08-30
家剧碍达&面林达,2019-07-13,,,,2019-10-04
染己达,2015-03-02,2015-03-09,,,2016-05-01
染己达,2016-08-22,,,,2016-11-14
染己达,2018-08-12,,,,2018-08-30
救悼达&烙窍达,2015-06-23,2015-07-08,,,2016-04-01
救悼达&烙窍达,2017-06-28,,,,2017-08-20
救悼达&烙窍达,2018-02-13,,,,2018-03-28
钦玫达,2017-07-19,2017-08-07,,,2017-10-11
钦玫达,2018-01-14,2018-02-01,,,2018-03-28
剐剧达,2017-07-18,2017-08-07,2017-12-22,,2018-07-03
侩淬达,2015-08-18,2015-08-27,,,2016-04-01
措没达,2015-08-10,2015-08-14,2015-09-23,,2016-05-01
焊飞达,2015-07-20,2015-08-04,2015-08-15,2015-08-18,2016-05-01
焊飞达,2016-08-06,2016-08-21,2017-03-25,,2018-04-06
焊飞达,2019-07-07,2019-07-24,2019-08-26,,2020-01-08
焊飞达,2020-05-10,,,,2020-07-23
焊飞达,2021-06-21,2021-07-25,2021-08-16,,
林鞠达,2015-08-30,2015-09-16,,,2016-04-01
林鞠达,2016-08-24,2016-09-15,,,2016-09-18
林鞠达,2017-06-29,2017-07-20,,,2018-05-09
林鞠达,2018-06-07,2018-06-29,,,2018-07-02
林鞠达,2018-08-09,,,,2018-08-27
何救达,2017-11-28,,,,2018-03-28
