Date,데이터값
2015-01-01,188112
2015-01-02,182624
2015-01-03,182256
2015-01-04,185216
2015-01-05,178848
2015-01-06,198656
2015-01-07,209744
2015-01-08,198096
2015-01-09,205712
2015-01-10,218176
2015-01-11,202560
2015-01-12,199952
2015-01-13,197216
2015-01-14,211792
2015-01-15,208032
2015-01-16,198192
2015-01-17,194192
2015-01-18,213856
2015-01-19,194752
2015-01-20,197008
2015-01-21,198496
2015-01-22,203760
2015-01-23,198544
2015-01-24,198096
2015-01-25,203664
2015-01-26,195168
2015-01-27,206016
2015-01-28,201088
2015-01-29,206736
2015-01-30,203104
2015-01-31,199520
2015-02-01,205008
2015-02-02,201440
2015-02-03,204080
2015-02-04,194896
2015-02-05,214096
2015-02-06,205328
2015-02-07,209488
2015-02-08,196304
2015-02-09,197728
2015-02-10,201008
2015-02-11,209584
2015-02-12,197344
2015-02-13,198832
2015-02-14,205392
2015-02-15,203584
2015-02-16,201664
2015-02-17,213840
2015-02-18,216368
2015-02-19,197584
2015-02-20,197792
2015-02-21,191808
2015-02-22,195168
2015-02-23,192080
2015-02-24,194528
2015-02-25,205504
2015-02-26,198752
2015-02-27,203856
2015-02-28,201088
2015-03-01,198464
2015-03-02,191904
2015-03-03,202032
2015-03-04,189920
2015-03-05,197792
2015-03-06,200464
2015-03-07,200960
2015-03-08,199648
2015-03-09,194192
2015-03-10,187184
2015-03-11,188320
2015-03-12,192912
2015-03-13,193360
2015-03-14,197568
2015-03-15,206608
2015-03-16,187792
2015-03-17,196608
2015-03-18,193408
2015-03-19,199600
2015-03-20,194384
2015-03-21,205568
2015-03-22,197792
2015-03-23,194880
2015-03-24,191440
2015-03-25,197344
2015-03-26,194752
2015-03-27,194912
2015-03-28,194000
2015-03-29,198624
2015-03-30,189792
2015-03-31,190848
2015-04-01,196464
2015-04-02,203968
2015-04-03,206352
2015-04-04,213824
2015-04-05,202944
2015-04-06,187664
2015-04-07,194544
2015-04-08,189168
2015-04-09,187472
2015-04-10,196832
2015-04-11,202416
2015-04-12,204448
2015-04-13,181360
2015-04-14,192336
2015-04-15,192384
2015-04-16,194992
2015-04-17,196848
2015-04-18,207344
2015-04-19,197952
2015-04-20,184544
2015-04-21,197712
2015-04-22,197968
2015-04-23,202784
2015-04-24,201488
2015-04-25,206192
2015-04-26,210896
2015-04-27,198976
2015-04-28,198992
2015-04-29,193712
2015-04-30,203664
2015-05-01,204592
2015-05-02,203680
2015-05-03,198992
2015-05-04,196944
2015-05-05,198768
2015-05-06,190880
2015-05-07,202688
2015-05-08,199088
2015-05-09,201344
2015-05-10,202640
2015-05-11,192672
2015-05-12,194368
2015-05-13,191696
2015-05-14,210496
2015-05-15,204624
2015-05-16,204416
2015-05-17,176480
2015-05-18,193072
2015-05-19,199424
2015-05-20,199504
2015-05-21,203136
2015-05-22,216480
2015-05-23,212112
2015-05-24,219568
2015-05-25,210128
2015-05-26,206624
2015-05-27,213552
2015-05-28,218784
2015-05-29,218128
2015-05-30,209104
2015-05-31,208416
2015-06-01,203488
2015-06-02,215456
2015-06-03,209472
2015-06-04,211744
2015-06-05,213568
2015-06-06,223840
2015-06-07,220496
2015-06-08,218384
2015-06-09,221216
2015-06-10,220832
2015-06-11,216512
2015-06-12,211424
2015-06-13,227664
2015-06-14,212816
2015-06-15,215888
2015-06-16,220704
2015-06-17,214416
2015-06-18,212036
2015-06-19,224864
2015-06-20,208864
2015-06-21,223424
2015-06-22,219056
2015-06-23,220848
2015-06-24,214144
2015-06-25,214464
2015-06-26,214768
2015-06-27,214864
2015-06-28,211936
2015-06-29,210416
2015-06-30,211760
2015-07-01,214831
2015-07-02,212645
2015-07-03,216597
2015-07-04,214421
2015-07-05,215786
2015-07-06,203616
2015-07-07,208576
2015-07-08,210384
2015-07-09,202032
2015-07-10,219184
2015-07-11,221520
2015-07-12,209744
2015-07-13,202560
2015-07-14,213856
2015-07-15,214240
2015-07-16,213680
2015-07-17,213472
2015-07-18,214080
2015-07-19,216480
2015-07-20,204848
2015-07-21,218784
2015-07-22,218240
2015-07-23,218656
2015-07-24,211744
2015-07-25,219456
2015-07-26,225376
2015-07-27,212432
2015-07-28,224336
2015-07-29,215440
2015-07-30,224720
2015-07-31,228160
2015-08-01,230608
2015-08-02,229792
2015-08-03,230944
2015-08-04,222992
2015-08-05,221872
2015-08-06,231712
2015-08-07,233136
2015-08-08,231536
2015-08-09,226880
2015-08-10,219584
2015-08-11,221216
2015-08-12,230912
2015-08-13,228528
2015-08-14,227680
2015-08-15,228640
2015-08-16,223152
2015-08-17,218240
2015-08-18,224128
2015-08-19,210432
2015-08-20,213984
2015-08-21,208576
2015-08-22,211424
2015-08-23,214656
2015-08-24,201136
2015-08-25,201232
2015-08-26,198608
2015-08-27,207232
2015-08-28,205024
2015-08-29,207296
2015-08-30,202464
2015-08-31,206064
2015-09-01,204608
2015-09-02,205056
2015-09-03,202352
2015-09-04,197008
2015-09-05,194576
2015-09-06,203776
2015-09-07,199424
2015-09-08,200176
2015-09-09,200800
2015-09-10,192672
2015-09-11,201472
2015-09-12,196816
2015-09-13,204144
2015-09-14,197840
2015-09-15,193376
2015-09-16,198384
2015-09-17,198144
2015-09-18,204224
2015-09-19,201216
2015-09-20,198832
2015-09-21,196560
2015-09-22,194160
2015-09-23,205744
2015-09-24,206576
2015-09-25,199376
2015-09-26,218288
2015-09-27,198128
2015-09-28,191072
2015-09-29,197296
2015-09-30,193056
2015-10-01,195120
2015-10-02,182528
2015-10-03,170000
2015-10-04,164848
2015-10-05,171552
2015-10-06,182432
2015-10-07,175264
2015-10-08,171776
2015-10-09,164560
2015-10-10,167184
2015-10-11,164928
2015-10-12,165968
2015-10-13,160784
2015-10-14,161296
2015-10-15,160928
2015-10-16,157152
2015-10-17,158320
2015-10-18,158720
2015-10-19,162768
2015-10-20,160816
2015-10-21,160976
2015-10-22,158736
2015-10-23,155840
2015-10-24,157808
2015-10-25,153648
2015-10-26,153056
2015-10-27,155856
2015-10-28,147728
2015-10-29,149392
2015-10-30,148880
2015-10-31,156240
2015-11-01,146128
2015-11-02,141008
2015-11-03,115648
2015-11-04,148560
2015-11-05,141120
2015-11-06,148288
2015-11-07,151792
2015-11-08,141216
2015-11-09,142320
2015-11-10,145088
2015-11-11,138039
2015-11-12,150974
2015-11-13,150128
2015-11-14,144608
2015-11-15,150640
2015-11-16,145488
2015-11-17,146592
2015-11-18,146640
2015-11-19,144880
2015-11-20,146208
2015-11-21,156640
2015-11-22,161856
2015-11-23,139056
2015-11-24,145136
2015-11-25,144864
2015-11-26,143344
2015-11-27,143456
2015-11-28,157168
2015-11-29,151584
2015-11-30,150608
2015-12-01,149200
2015-12-02,143200
2015-12-03,157152
2015-12-04,152928
2015-12-05,144720
2015-12-06,145520
2015-12-07,145936
2015-12-08,143952
2015-12-09,145472
2015-12-10,144240
2015-12-11,145648
2015-12-12,153632
2015-12-13,150592
2015-12-14,139328
2015-12-15,146480
2015-12-16,143824
2015-12-17,144256
2015-12-18,142752
2015-12-19,147648
2015-12-20,151600
2015-12-21,143568
2015-12-22,148320
2015-12-23,145632
2015-12-24,146592
2015-12-25,151952
2015-12-26,136144
2015-12-27,142416
2015-12-28,139232
2015-12-29,151376
2015-12-30,146528
2015-12-31,151392
2016-01-01,153392
2016-01-02,149904
2016-01-03,142848
2016-01-04,141568
2016-01-05,139536
2016-01-06,143616
2016-01-07,141840
2016-01-08,142816
2016-01-09,150512
2016-01-10,147088
2016-01-11,142464
2016-01-12,140256
2016-01-13,149760
2016-01-14,145280
2016-01-15,145088
2016-01-16,148448
2016-01-17,144544
2016-01-18,145280
2016-01-19,144416
2016-01-20,148320
2016-01-21,148832
2016-01-22,157760
2016-01-23,155664
2016-01-24,157328
2016-01-25,160736
2016-01-26,164704
2016-01-27,179296
2016-01-28,179152
2016-01-29,174992
2016-01-30,190080
2016-01-31,185168
2016-02-01,169520
2016-02-02,178592
2016-02-03,180048
2016-02-04,172592
2016-02-05,183408
2016-02-06,189648
2016-02-07,186336
2016-02-08,171584
2016-02-09,172064
2016-02-10,170720
2016-02-11,166368
2016-02-12,194544
2016-02-13,202016
2016-02-14,204784
2016-02-15,193344
2016-02-16,195072
2016-02-17,164960
2016-02-18,162368
2016-02-19,164224
2016-02-20,164992
2016-02-21,159584
2016-02-22,153280
2016-02-23,157760
2016-02-24,163840
2016-02-25,157504
2016-02-26,167520
2016-02-27,169728
2016-02-28,164720
2016-02-29,159952
2016-03-01,167776
2016-03-02,164864
2016-03-03,165328
2016-03-04,165520
2016-03-05,164608
2016-03-06,154736
2016-03-07,164976
2016-03-08,159840
2016-03-09,158736
2016-03-10,161552
2016-03-11,186240
2016-03-12,181552
2016-03-13,182960
2016-03-14,179968
2016-03-15,169600
2016-03-16,188544
2016-03-17,186928
2016-03-18,182608
2016-03-19,197792
2016-03-20,196032
2016-03-21,184608
2016-03-22,192032
2016-03-23,189504
2016-03-24,185216
2016-03-25,188048
2016-03-26,188368
2016-03-27,190208
2016-03-28,187936
2016-03-29,184928
2016-03-30,185792
2016-03-31,189744
2016-04-01,188384
2016-04-02,193488
2016-04-03,195952
2016-04-04,189520
2016-04-05,187584
2016-04-06,184000
2016-04-07,191760
2016-04-08,192048
2016-04-09,195520
2016-04-10,180288
2016-04-11,181088
2016-04-12,187632
2016-04-13,191152
2016-04-14,187088
2016-04-15,181184
2016-04-16,185056
2016-04-17,183680
2016-04-18,172272
2016-04-19,182720
2016-04-20,180192
2016-04-21,176128
2016-04-22,179136
2016-04-23,186896
2016-04-24,176992
2016-04-25,181280
2016-04-26,177552
2016-04-27,177072
2016-04-28,181232
2016-04-29,177808
2016-04-30,181920
2016-05-01,182960
2016-05-02,181888
2016-05-03,173712
2016-05-04,180720
2016-05-05,199392
2016-05-06,192464
2016-05-07,202848
2016-05-08,195408
2016-05-09,187088
2016-05-10,185840
2016-05-11,179280
2016-05-12,184480
2016-05-13,188176
2016-05-14,188384
2016-05-15,185280
2016-05-16,168768
2016-05-17,181088
2016-05-18,189904
2016-05-19,181712
2016-05-20,184608
2016-05-21,196640
2016-05-22,188224
2016-05-23,176256
2016-05-24,169680
2016-05-25,189296
2016-05-26,184880
2016-05-27,191184
2016-05-28,182368
2016-05-29,177824
2016-05-30,190336
2016-05-31,194784
2016-06-01,190368
2016-06-02,196448
2016-06-03,198944
2016-06-04,192848
2016-06-05,199632
2016-06-06,197904
2016-06-07,194896
2016-06-08,203632
2016-06-09,207376
2016-06-10,208400
2016-06-11,206144
2016-06-12,205424
2016-06-13,186016
2016-06-14,198416
2016-06-15,192112
2016-06-16,191968
2016-06-17,196224
2016-06-18,192096
2016-06-19,201520
2016-06-20,188960
2016-06-21,200320
2016-06-22,197536
2016-06-23,203600
2016-06-24,191392
2016-06-25,184160
2016-06-26,194016
2016-06-27,179008
2016-06-28,181888
2016-06-29,186800
2016-06-30,189200
2016-07-01,196704
2016-07-02,191616
2016-07-03,193280
2016-07-04,186752
2016-07-05,188256
2016-07-06,200112
2016-07-07,190304
2016-07-08,192576
2016-07-09,205040
2016-07-10,187936
2016-07-11,193792
2016-07-12,194848
2016-07-13,199232
2016-07-14,200272
2016-07-15,199152
2016-07-16,187888
2016-07-17,193040
2016-07-18,194000
2016-07-19,202672
2016-07-20,189536
2016-07-21,188352
2016-07-22,208672
2016-07-23,202128
2016-07-24,206880
2016-07-25,200432
2016-07-26,202608
2016-07-27,199680
2016-07-28,202080
2016-07-29,200464
2016-07-30,196096
2016-07-31,218272
2016-08-01,210336
2016-08-02,213408
2016-08-03,200000
2016-08-04,203040
2016-08-05,202720
2016-08-06,204144
2016-08-07,201360
2016-08-08,203200
2016-08-09,204480
2016-08-10,213280
2016-08-11,214880
2016-08-12,215280
2016-08-13,212656
2016-08-14,216944
2016-08-15,211248
2016-08-16,213984
2016-08-17,209088
2016-08-18,216128
2016-08-19,210752
2016-08-20,221840
2016-08-21,216272
2016-08-22,219840
2016-08-23,215616
2016-08-24,221552
2016-08-25,226080
2016-08-26,210000
2016-08-27,211072
2016-08-28,208528
2016-08-29,204240
2016-08-30,202080
2016-08-31,201312
2016-09-01,213760
2016-09-02,208576
2016-09-03,209120
2016-09-04,208352
2016-09-05,211872
2016-09-06,206880
2016-09-07,206384
2016-09-08,217264
2016-09-09,211968
2016-09-10,209504
2016-09-11,220256
2016-09-12,211904
2016-09-13,221168
2016-09-14,218880
2016-09-15,213344
2016-09-16,202608
2016-09-17,200256
2016-09-18,206080
2016-09-19,201152
2016-09-20,201200
2016-09-21,196048
2016-09-22,205168
2016-09-23,201920
2016-09-24,205344
2016-09-25,207472
2016-09-26,190848
2016-09-27,194656
2016-09-28,190944
2016-09-29,192384
2016-09-30,206240
2016-10-01,198048
2016-10-02,202560
2016-10-03,202528
2016-10-04,191456
2016-10-05,190656
2016-10-06,182304
2016-10-07,200192
2016-10-08,193920
2016-10-09,196160
2016-10-10,190432
2016-10-11,186272
2016-10-12,188480
2016-10-13,198752
2016-10-14,188256
2016-10-15,195808
2016-10-16,195392
2016-10-17,197728
2016-10-18,198144
2016-10-19,200224
2016-10-20,208192
2016-10-21,191840
2016-10-22,193216
2016-10-23,200896
2016-10-24,196320
2016-10-25,191712
2016-10-26,200480
2016-10-27,200928
2016-10-28,193088
2016-10-29,196896
2016-10-30,193856
2016-10-31,190208
2016-11-01,192352
2016-11-02,197632
2016-11-03,198336
2016-11-04,200320
2016-11-05,201760
2016-11-06,209632
2016-11-07,203200
2016-11-08,194528
2016-11-09,211040
2016-11-10,207360
2016-11-11,211456
2016-11-12,201184
2016-11-13,208640
2016-11-14,194400
2016-11-15,203968
2016-11-16,209024
2016-11-17,212192
2016-11-18,213728
2016-11-19,215200
2016-11-20,216992
2016-11-21,214880
2016-11-22,208544
2016-11-23,208832
2016-11-24,206144
2016-11-25,210336
2016-11-26,206784
2016-11-27,212768
2016-11-28,207552
2016-11-29,205248
2016-11-30,203712
2016-12-01,200096
2016-12-02,220672
2016-12-03,213088
2016-12-04,210624
2016-12-05,206816
2016-12-06,192384
2016-12-07,195744
2016-12-08,188416
2016-12-09,203040
2016-12-10,193056
2016-12-11,191040
2016-12-12,189920
2016-12-13,193408
2016-12-14,196864
2016-12-15,192256
2016-12-16,198336
2016-12-17,186656
2016-12-18,192992
2016-12-19,195648
2016-12-20,197344
2016-12-21,190208
2016-12-22,182816
2016-12-23,182592
2016-12-24,180480
2016-12-25,181344
2016-12-26,177536
2016-12-27,186016
2016-12-28,188160
2016-12-29,187072
2016-12-30,186720
2016-12-31,180672
2017-01-01,182688
2017-01-02,169120
2017-01-03,189504
2017-01-04,179744
2017-01-05,179744
2017-01-06,190592
2017-01-07,189888
2017-01-08,186688
2017-01-09,183392
2017-01-10,186784
2017-01-11,184768
2017-01-12,190624
2017-01-13,179968
2017-01-14,198688
2017-01-15,199584
2017-01-16,198144
2017-01-17,203008
2017-01-18,202336
2017-01-19,200000
2017-01-20,207456
2017-01-21,191808
2017-01-22,190816
2017-01-23,203040
2017-01-24,208512
2017-01-25,211616
2017-01-26,226656
2017-01-27,226048
2017-01-28,210304
2017-01-29,196928
2017-01-30,198656
2017-01-31,206528
2017-02-01,205152
2017-02-02,200096
2017-02-03,205344
2017-02-04,207424
2017-02-05,202208
2017-02-06,194112
2017-02-07,200896
2017-02-08,203520
2017-02-09,196288
2017-02-10,208576
2017-02-11,207584
2017-02-12,204384
2017-02-13,206048
2017-02-14,195808
2017-02-15,207360
2017-02-16,209568
2017-02-17,201056
2017-02-18,195328
2017-02-19,208576
2017-02-20,200352
2017-02-21,198496
2017-02-22,202688
2017-02-23,199744
2017-02-24,191008
2017-02-25,207968
2017-02-26,196416
2017-02-27,200672
2017-02-28,199456
2017-03-01,201920
2017-03-02,189280
2017-03-03,195904
2017-03-04,195552
2017-03-05,194976
2017-03-06,188800
2017-03-07,192928
2017-03-08,192128
2017-03-09,194976
2017-03-10,197152
2017-03-11,197152
2017-03-12,193472
2017-03-13,189824
2017-03-14,190848
2017-03-15,196896
2017-03-16,193792
2017-03-17,195392
2017-03-18,197472
2017-03-19,193312
2017-03-20,185920
2017-03-21,192512
2017-03-22,202368
2017-03-23,185664
2017-03-24,194816
2017-03-25,196576
2017-03-26,188512
2017-03-27,188864
2017-03-28,193952
2017-03-29,200416
2017-03-30,203872
2017-03-31,197376
2017-04-01,190528
2017-04-02,192640
2017-04-03,195968
2017-04-04,197600
2017-04-05,194400
2017-04-06,192224
2017-04-07,191040
2017-04-08,194080
2017-04-09,198080
2017-04-10,192160
2017-04-11,189952
2017-04-12,193152
2017-04-13,186880
2017-04-14,195296
2017-04-15,198816
2017-04-16,196864
2017-04-17,192640
2017-04-18,191072
2017-04-19,194304
2017-04-20,195904
2017-04-21,198432
2017-04-22,201888
2017-04-23,204064
2017-04-24,193728
2017-04-25,179808
2017-04-26,200896
2017-04-27,203392
2017-04-28,200352
2017-04-29,207232
2017-04-30,207168
2017-05-01,200512
2017-05-02,214400
2017-05-03,204448
2017-05-04,211840
2017-05-05,214400
2017-05-06,213984
2017-05-07,212064
2017-05-08,218336
2017-05-09,196960
2017-05-10,202752
2017-05-11,203520
2017-05-12,208928
2017-05-13,194272
2017-05-14,209600
2017-05-15,210368
2017-05-16,204736
2017-05-17,207488
2017-05-18,213888
2017-05-19,221184
2017-05-20,218368
2017-05-21,216864
2017-05-22,213632
2017-05-23,204960
2017-05-24,211744
2017-05-25,211296
2017-05-26,208288
2017-05-27,211840
2017-05-28,212160
2017-05-29,202112
2017-05-30,215584
2017-05-31,205312
2017-06-01,186304
2017-06-02,192128
2017-06-03,173248
2017-06-04,183840
2017-06-05,184704
2017-06-06,173472
2017-06-07,174688
2017-06-08,183680
2017-06-09,186336
2017-06-10,179424
2017-06-11,181472
2017-06-12,174720
2017-06-13,176576
2017-06-14,171904
2017-06-15,192288
2017-06-16,180832
2017-06-17,181184
2017-06-18,184384
2017-06-19,186976
2017-06-20,184800
2017-06-21,186400
2017-06-22,182784
2017-06-23,190240
2017-06-24,175680
2017-06-25,176192
2017-06-26,180704
2017-06-27,175456
2017-06-28,185984
2017-06-29,174336
2017-06-30,190656
2017-07-01,166240
2017-07-02,171616
2017-07-03,178784
2017-07-04,180512
2017-07-05,176448
2017-07-06,171488
2017-07-07,175040
2017-07-08,170656
2017-07-09,172736
2017-07-10,172736
2017-07-11,180480
2017-07-12,172224
2017-07-13,182016
2017-07-14,175488
2017-07-15,177088
2017-07-16,164576
2017-07-17,178688
2017-07-18,178432
2017-07-19,174848
2017-07-20,179712
2017-07-21,181056
2017-07-22,176256
2017-07-23,183360
2017-07-24,183072
2017-07-25,187136
2017-07-26,185152
2017-07-27,188352
2017-07-28,172704
2017-07-29,184032
2017-07-30,186080
2017-07-31,178592
2017-08-01,193920
2017-08-02,195136
2017-08-03,190752
2017-08-04,192448
2017-08-05,196864
2017-08-06,184640
2017-08-07,193056
2017-08-08,193120
2017-08-09,180864
2017-08-10,181728
2017-08-11,192640
2017-08-12,182432
2017-08-13,182080
2017-08-14,186720
2017-08-15,178240
2017-08-16,182208
2017-08-17,187872
2017-08-18,200544
2017-08-19,188832
2017-08-20,190464
2017-08-21,193856
2017-08-22,197088
2017-08-23,201536
2017-08-24,189504
2017-08-25,210560
2017-08-26,202848
2017-08-27,200128
2017-08-28,189856
2017-08-29,195968
2017-08-30,182720
2017-08-31,189632
2017-09-01,196704
2017-09-02,185728
2017-09-03,192224
2017-09-04,188608
2017-09-05,162848
2017-09-06,166208
2017-09-07,157088
2017-09-08,173952
2017-09-09,182080
2017-09-10,175296
2017-09-11,174400
2017-09-12,183232
2017-09-13,169056
2017-09-14,170720
2017-09-15,175360
2017-09-16,166016
2017-09-17,177440
2017-09-18,175648
2017-09-19,185024
2017-09-20,183712
2017-09-21,185600
2017-09-22,190336
2017-09-23,174176
2017-09-24,185920
2017-09-25,181760
2017-09-26,181344
2017-09-27,184032
2017-09-28,179040
2017-09-29,177600
2017-09-30,188576
2017-10-01,185184
2017-10-02,183264
2017-10-03,197952
2017-10-04,177536
2017-10-05,184736
2017-10-06,178784
2017-10-07,189920
2017-10-08,183840
2017-10-09,186752
2017-10-10,187520
2017-10-11,167296
2017-10-12,174976
2017-10-13,171232
2017-10-14,180544
2017-10-15,168768
2017-10-16,168160
2017-10-17,175936
2017-10-18,164896
2017-10-19,166848
2017-10-20,176800
2017-10-21,171584
2017-10-22,172160
2017-10-23,175872
2017-10-24,180704
2017-10-25,168960
2017-10-26,175808
2017-10-27,181728
2017-10-28,169472
2017-10-29,173312
2017-10-30,167648
2017-10-31,186592
2017-11-01,192032
2017-11-02,193120
2017-11-03,185792
2017-11-04,181536
2017-11-05,178368
2017-11-06,192192
2017-11-07,183488
2017-11-08,200128
2017-11-09,181632
2017-11-10,195712
2017-11-11,180416
2017-11-12,188480
2017-11-13,192576
2017-11-14,206624
2017-11-15,188320
2017-11-16,215680
2017-11-17,200000
2017-11-18,198432
2017-11-19,205696
2017-11-20,210720
2017-11-21,194752
2017-11-22,206848
2017-11-23,205696
2017-11-24,204576
2017-11-25,204960
2017-11-26,207712
2017-11-27,210784
2017-11-28,208992
2017-11-29,204672
2017-11-30,205760
2017-12-01,200096
2017-12-02,198720
2017-12-03,199424
2017-12-04,203840
2017-12-05,200160
2017-12-06,198496
2017-12-07,210688
2017-12-08,189664
2017-12-09,200096
2017-12-10,200640
2017-12-11,198304
2017-12-12,201376
2017-12-13,206816
2017-12-14,206496
2017-12-15,213664
2017-12-16,212032
2017-12-17,213664
2017-12-18,206144
2017-12-19,209856
2017-12-20,205344
2017-12-21,214176
2017-12-22,206112
2017-12-23,206048
2017-12-24,197536
2017-12-25,201280
2017-12-26,197664
2017-12-27,198784
2017-12-28,200320
2017-12-29,206784
2017-12-30,206976
2017-12-31,206048
2018-01-01,207584
2018-01-02,205600
2018-01-03,199840
2018-01-04,206336
2018-01-05,210464
2018-01-06,207168
2018-01-07,203424
2018-01-08,202688
2018-01-09,209440
2018-01-10,207360
2018-01-11,211424
2018-01-12,219616
2018-01-13,218208
2018-01-14,218304
2018-01-15,229120
2018-01-16,235392
2018-01-17,218176
2018-01-18,226112
2018-01-19,229120
2018-01-20,218304
2018-01-21,209920
2018-01-22,213184
2018-01-23,216448
2018-01-24,214912
2018-01-25,212032
2018-01-26,225216
2018-01-27,225088
2018-01-28,238112
2018-01-29,242464
2018-01-30,234784
2018-01-31,241056
2018-02-01,253760
2018-02-02,249216
2018-02-03,235072
2018-02-04,236960
2018-02-05,241248
2018-02-06,237376
2018-02-07,245216
2018-02-08,242688
2018-02-09,238880
2018-02-10,249472
2018-02-11,256704
2018-02-12,235328
2018-02-13,244768
2018-02-14,246688
2018-02-15,250240
2018-02-16,248000
2018-02-17,228640
2018-02-18,235360
2018-02-19,233088
2018-02-20,234752
2018-02-21,224160
2018-02-22,234016
2018-02-23,234176
2018-02-24,221952
2018-02-25,236896
2018-02-26,210240
2018-02-27,223360
2018-02-28,223840
2018-03-01,245024
2018-03-02,223040
2018-03-03,229696
2018-03-04,231616
2018-03-05,222176
2018-03-06,217440
2018-03-07,225408
2018-03-08,228640
2018-03-09,209184
2018-03-10,224224
2018-03-11,226560
2018-03-12,210912
2018-03-13,218112
2018-03-14,223520
2018-03-15,219296
2018-03-16,216768
2018-03-17,231584
2018-03-18,221856
2018-03-19,218432
2018-03-20,217824
2018-03-21,219008
2018-03-22,216448
2018-03-23,210784
2018-03-24,213248
2018-03-25,212864
2018-03-26,208832
2018-03-27,207680
2018-03-28,217280
2018-03-29,211264
2018-03-30,210720
2018-03-31,223776
2018-04-01,217280
2018-04-02,206272
2018-04-03,210880
2018-04-04,211968
2018-04-05,213760
2018-04-06,202144
2018-04-07,210656
2018-04-08,206176
2018-04-09,207968
2018-04-10,211584
2018-04-11,216928
2018-04-12,206080
2018-04-13,228448
2018-04-14,208576
2018-04-15,220288
2018-04-16,205536
2018-04-17,215680
2018-04-18,229152
2018-04-19,229824
2018-04-20,207072
2018-04-21,208384
2018-04-22,209376
2018-04-23,206848
2018-04-24,215936
2018-04-25,207552
2018-04-26,207040
2018-04-27,221952
2018-04-28,220480
2018-04-29,225664
2018-04-30,205056
2018-05-01,232864
2018-05-02,214592
2018-05-03,218464
2018-05-04,213024
2018-05-05,214816
2018-05-06,216640
2018-05-07,202944
2018-05-08,213568
2018-05-09,211968
2018-05-10,210624
2018-05-11,210752
2018-05-12,200704
2018-05-13,218144
2018-05-14,201440
2018-05-15,209984
2018-05-16,208096
2018-05-17,210336
2018-05-18,214464
2018-05-19,218944
2018-05-20,221888
2018-05-21,208096
2018-05-22,221120
2018-05-23,208736
2018-05-24,218976
2018-05-25,203488
2018-05-26,224544
2018-05-27,220192
2018-05-28,204800
2018-05-29,218240
2018-05-30,205760
2018-05-31,220736
2018-06-01,220192
2018-06-02,218080
2018-06-03,217152
2018-06-04,210560
2018-06-05,217536
2018-06-06,225056
2018-06-07,211040
2018-06-08,218496
2018-06-09,227648
2018-06-10,212960
2018-06-11,214816
2018-06-12,222080
2018-06-13,215488
2018-06-14,217632
2018-06-15,225376
2018-06-16,232832
2018-06-17,219584
2018-06-18,226208
2018-06-19,221920
2018-06-20,226624
2018-06-21,229536
2018-06-22,225248
2018-06-23,233216
2018-06-24,237248
2018-06-25,226592
2018-06-26,230528
2018-06-27,223520
2018-06-28,231392
2018-06-29,223680
2018-06-30,218208
2018-07-01,218112
2018-07-02,217984
2018-07-03,230912
2018-07-04,226112
2018-07-05,211136
2018-07-06,219392
2018-07-07,225952
2018-07-08,219232
2018-07-09,202208
2018-07-10,212192
2018-07-11,228608
2018-07-12,232000
2018-07-13,238208
2018-07-14,231296
2018-07-15,241280
2018-07-16,234464
2018-07-17,233056
2018-07-18,235648
2018-07-19,230816
2018-07-20,244512
2018-07-21,240000
2018-07-22,242400
2018-07-23,238560
2018-07-24,242912
2018-07-25,250528
2018-07-26,241664
2018-07-27,246368
2018-07-28,247072
2018-07-29,256064
2018-07-30,251584
2018-07-31,253408
2018-08-01,253792
2018-08-02,269216
2018-08-03,268256
2018-08-04,271008
2018-08-05,269664
2018-08-06,267968
2018-08-07,266240
2018-08-08,264608
2018-08-09,258656
2018-08-10,258592
2018-08-11,257184
2018-08-12,261056
2018-08-13,256352
2018-08-14,262496
2018-08-15,258944
2018-08-16,262432
2018-08-17,265248
2018-08-18,267264
2018-08-19,265664
2018-08-20,254528
2018-08-21,253312
2018-08-22,245888
2018-08-23,251520
2018-08-24,224384
2018-08-25,251552
2018-08-26,235744
2018-08-27,232512
2018-08-28,239392
2018-08-29,243616
2018-08-30,248320
2018-08-31,239808
2018-09-01,249408
2018-09-02,248128
2018-09-03,224192
2018-09-04,242496
2018-09-05,243328
2018-09-06,229024
2018-09-07,232416
2018-09-08,236704
2018-09-09,229344
2018-09-10,226432
2018-09-11,219296
2018-09-12,219200
2018-09-13,227520
2018-09-14,219424
2018-09-15,221760
2018-09-16,225472
2018-09-17,217600
2018-09-18,222592
2018-09-19,233536
2018-09-20,224256
2018-09-21,223040
2018-09-22,243648
2018-09-23,233952
2018-09-24,222816
2018-09-25,225792
2018-09-26,217632
2018-09-27,198848
2018-09-28,225248
2018-09-29,215776
2018-09-30,223648
2018-10-01,200960
2018-10-02,215104
2018-10-03,219008
2018-10-04,211648
2018-10-05,202112
2018-10-06,219136
2018-10-07,230592
2018-10-08,206368
2018-10-09,214624
2018-10-10,212928
2018-10-11,207328
2018-10-12,216736
2018-10-13,216704
2018-10-14,210144
2018-10-15,208640
2018-10-16,224576
2018-10-17,240928
2018-10-18,219872
2018-10-19,228640
2018-10-20,237280
2018-10-21,224672
2018-10-22,221696
2018-10-23,232096
2018-10-24,227040
2018-10-25,228736
2018-10-26,240352
2018-10-27,231040
2018-10-28,227808
2018-10-29,233536
2018-10-30,221120
2018-10-31,248320
2018-11-01,231008
2018-11-02,210976
2018-11-03,217216
2018-11-04,217472
2018-11-05,211008
2018-11-06,209216
2018-11-07,210368
2018-11-08,204800
2018-11-09,231808
2018-11-10,216768
2018-11-11,224288
2018-11-12,203296
2018-11-13,214112
2018-11-14,219232
2018-11-15,207424
2018-11-16,224640
2018-11-17,219424
2018-11-18,216160
2018-11-19,212736
2018-11-20,215072
2018-11-21,223360
2018-11-22,220544
2018-11-23,225088
2018-11-24,230848
2018-11-25,230272
2018-11-26,210432
2018-11-27,221984
2018-11-28,220832
2018-11-29,222912
2018-11-30,226944
2018-12-01,208880
2018-12-02,224304
2018-12-03,204720
2018-12-04,221552
2018-12-05,215632
2018-12-06,203536
2018-12-07,211120
2018-12-08,218160
2018-12-09,201456
2018-12-10,213680
2018-12-11,206512
2018-12-12,221360
2018-12-13,195824
2018-12-14,210224
2018-12-15,208112
2018-12-16,213360
2018-12-17,201200
2018-12-18,206192
2018-12-19,193904
2018-12-20,210000
2018-12-21,205904
2018-12-22,199184
2018-12-23,204912
2018-12-24,193488
2018-12-25,200048
2018-12-26,202544
2018-12-27,212848
2018-12-28,209360
2018-12-29,192752
2018-12-30,210928
2018-12-31,218720
2019-01-01,216992
2019-01-02,214496
2019-01-03,228640
2019-01-04,225888
2019-01-05,223488
2019-01-06,218048
2019-01-07,208704
2019-01-08,214144
2019-01-09,223328
2019-01-10,206752
2019-01-11,229632
2019-01-12,219680
2019-01-13,225408
2019-01-14,202240
2019-01-15,219296
2019-01-16,208320
2019-01-17,218944
2019-01-18,222240
2019-01-19,223360
2019-01-20,209056
2019-01-21,210112
2019-01-22,208768
2019-01-23,218496
2019-01-24,208608
2019-01-25,218144
2019-01-26,212768
2019-01-27,211488
2019-01-28,215520
2019-01-29,223008
2019-01-30,216800
2019-01-31,211264
2019-02-01,221056
2019-02-02,223456
2019-02-03,221184
2019-02-04,228352
2019-02-05,218528
2019-02-06,211904
2019-02-07,205888
2019-02-08,213984
2019-02-09,208544
2019-02-10,219488
2019-02-11,210112
2019-02-12,208512
2019-02-13,218240
2019-02-14,219840
2019-02-15,211840
2019-02-16,214880
2019-02-17,213920
2019-02-18,215072
2019-02-19,213216
2019-02-20,211776
2019-02-21,209696
2019-02-22,221984
2019-02-23,211808
2019-02-24,215808
2019-02-25,205024
2019-02-26,219968
2019-02-27,214208
2019-02-28,217920
2019-03-01,217856
2019-03-02,212256
2019-03-03,217440
2019-03-04,215808
2019-03-05,206048
2019-03-06,217056
2019-03-07,214496
2019-03-08,223392
2019-03-09,207680
2019-03-10,213824
2019-03-11,211328
2019-03-12,211968
2019-03-13,213728
2019-03-14,223584
2019-03-15,207552
2019-03-16,212544
2019-03-17,214368
2019-03-18,212640
2019-03-19,220000
2019-03-20,217760
2019-03-21,220544
2019-03-22,222848
2019-03-23,208896
2019-03-24,213696
2019-03-25,208192
2019-03-26,207808
2019-03-27,203904
2019-03-28,205376
2019-03-29,195584
2019-03-30,202784
2019-03-31,198880
2019-04-01,195392
2019-04-02,199616
2019-04-03,198464
2019-04-04,207648
2019-04-05,197024
2019-04-06,209600
2019-04-07,209344
2019-04-08,208032
2019-04-09,200288
2019-04-10,200352
2019-04-11,200864
2019-04-12,197056
2019-04-13,210656
2019-04-14,204352
2019-04-15,195232
2019-04-16,216896
2019-04-17,199040
2019-04-18,202912
2019-04-19,207840
2019-04-20,207200
2019-04-21,209632
2019-04-22,204416
2019-04-23,217600
2019-04-24,211488
2019-04-25,207680
2019-04-26,197408
2019-04-27,210368
2019-04-28,208896
2019-04-29,199712
2019-04-30,206624
2019-05-01,216576
2019-05-02,199680
2019-05-03,220544
2019-05-04,206208
2019-05-05,220896
2019-05-06,219520
2019-05-07,223520
2019-05-08,212800
2019-05-09,228032
2019-05-10,215040
2019-05-11,217696
2019-05-12,223200
2019-05-13,227040
2019-05-14,220768
2019-05-15,236864
2019-05-16,234720
2019-05-17,229536
2019-05-18,223680
2019-05-19,223040
2019-05-20,223264
2019-05-21,224640
2019-05-22,220640
2019-05-23,230080
2019-05-24,227648
2019-05-25,230624
2019-05-26,237984
2019-05-27,208320
2019-05-28,227520
2019-05-29,238144
2019-05-30,228768
2019-05-31,230880
2019-06-01,230848
2019-06-02,235936
2019-06-03,228032
2019-06-04,234816
2019-06-05,235520
2019-06-06,231648
2019-06-07,219552
2019-06-08,240832
2019-06-09,226368
2019-06-10,209472
2019-06-11,218496
2019-06-12,233248
2019-06-13,226464
2019-06-14,243520
2019-06-15,238208
2019-06-16,240320
2019-06-17,226048
2019-06-18,234144
2019-06-19,228736
2019-06-20,237312
2019-06-21,235680
2019-06-22,244480
2019-06-23,244672
2019-06-24,229728
2019-06-25,237952
2019-06-26,236320
2019-06-27,229216
2019-06-28,255136
2019-06-29,222336
2019-06-30,245088
2019-07-01,227168
2019-07-02,243200
2019-07-03,248960
2019-07-04,245472
2019-07-05,260384
2019-07-06,254848
2019-07-07,249760
2019-07-08,257728
2019-07-09,256480
2019-07-10,252704
2019-07-11,239776
2019-07-12,248224
2019-07-13,240448
2019-07-14,248192
2019-07-15,243776
2019-07-16,244448
2019-07-17,239424
2019-07-18,248576
2019-07-19,254976
2019-07-20,243904
2019-07-21,246144
2019-07-22,236672
2019-07-23,258304
2019-07-24,247904
2019-07-25,244704
2019-07-26,242304
2019-07-27,246560
2019-07-28,254688
2019-07-29,251616
2019-07-30,259552
2019-07-31,241696
2019-08-01,259744
2019-08-02,263936
2019-08-03,257248
2019-08-04,256832
2019-08-05,259392
2019-08-06,246816
2019-08-07,248672
2019-08-08,250752
2019-08-09,256352
2019-08-10,262304
2019-08-11,252256
2019-08-12,244032
2019-08-13,250976
2019-08-14,253568
2019-08-15,250848
2019-08-16,239552
2019-08-17,256768
2019-08-18,246752
2019-08-19,242784
2019-08-20,242208
2019-08-21,249696
2019-08-22,248032
2019-08-23,244768
2019-08-24,242144
2019-08-25,248224
2019-08-26,244384
2019-08-27,241504
2019-08-28,242240
2019-08-29,238944
2019-08-30,237920
2019-08-31,237152
2019-09-01,245984
2019-09-02,234560
2019-09-03,228416
2019-09-04,238464
2019-09-05,242112
2019-09-06,246656
2019-09-07,230912
2019-09-08,229056
2019-09-09,220416
2019-09-10,241376
2019-09-11,245728
2019-09-12,255104
2019-09-13,245344
2019-09-14,246144
2019-09-15,244896
2019-09-16,242464
2019-09-17,247616
2019-09-18,245632
2019-09-19,242656
2019-09-20,233344
2019-09-21,220320
2019-09-22,241632
2019-09-23,243712
2019-09-24,235584
2019-09-25,237472
2019-09-26,234080
2019-09-27,241600
2019-09-28,248640
2019-09-29,242112
2019-09-30,224576
2019-10-01,237152
2019-10-02,222816
2019-10-03,243072
2019-10-04,223680
2019-10-05,233088
2019-10-06,233952
2019-10-07,219680
2019-10-08,229248
2019-10-09,232896
2019-10-10,231936
2019-10-11,224960
2019-10-12,229440
2019-10-13,230336
2019-10-14,228704
2019-10-15,219840
2019-10-16,226944
2019-10-17,233888
2019-10-18,233920
2019-10-19,228640
2019-10-20,236672
2019-10-21,223968
2019-10-22,228736
2019-10-23,234752
2019-10-24,233312
2019-10-25,239840
2019-10-26,228672
2019-10-27,233248
2019-10-28,240256
2019-10-29,236800
2019-10-30,240064
2019-10-31,244224
2019-11-01,233728
2019-11-02,240416
2019-11-03,237024
2019-11-04,224160
2019-11-05,243744
2019-11-06,244064
2019-11-07,222240
2019-11-08,240128
2019-11-09,248032
2019-11-10,240448
2019-11-11,232960
2019-11-12,229856
2019-11-13,240064
2019-11-14,242240
2019-11-15,244192
2019-11-16,239552
2019-11-17,241312
2019-11-18,240224
2019-11-19,237472
2019-11-20,239552
2019-11-21,245632
2019-11-22,250496
2019-11-23,244992
2019-11-24,235008
2019-11-25,238112
2019-11-26,241536
2019-11-27,230720
2019-11-28,223648
2019-11-29,235872
2019-11-30,241472
2019-12-01,226688
2019-12-02,209408
2019-12-03,224928
2019-12-04,224192
2019-12-05,230368
2019-12-06,214848
2019-12-07,234816
2019-12-08,230144
2019-12-09,216544
2019-12-10,223008
2019-12-11,237056
2019-12-12,230528
2019-12-13,231552
2019-12-14,222656
2019-12-15,238240
2019-12-16,221664
2019-12-17,230304
2019-12-18,220288
2019-12-19,217664
2019-12-20,222240
2019-12-21,230400
2019-12-22,214240
2019-12-23,218784
2019-12-24,221184
2019-12-25,227456
2019-12-26,214112
2019-12-27,227712
2019-12-28,224928
2019-12-29,224064
2019-12-30,221088
2019-12-31,221024
2020-01-01,236448
2020-01-02,225120
2020-01-03,225728
2020-01-04,238688
2020-01-05,235264
2020-01-06,230048
2020-01-07,228832
2020-01-08,239072
2020-01-09,233632
2020-01-10,233056
2020-01-11,230048
2020-01-12,228416
2020-01-13,226016
2020-01-14,238624
2020-01-15,237536
2020-01-16,236480
2020-01-17,231136
2020-01-18,234976
2020-01-19,231040
2020-01-20,228576
2020-01-21,232064
2020-01-22,239680
2020-01-23,242496
2020-01-24,247296
2020-01-25,237824
2020-01-26,228224
2020-01-27,223648
2020-01-28,220960
2020-01-29,231104
2020-01-30,235488
2020-01-31,234944
2020-02-01,237824
2020-02-02,225568
2020-02-03,226976
2020-02-04,229664
2020-02-05,226240
2020-02-06,230272
2020-02-07,238720
2020-02-08,230624
2020-02-09,234592
2020-02-10,230752
2020-02-11,230400
2020-02-12,226176
2020-02-13,228192
2020-02-14,232800
2020-02-15,230528
2020-02-16,224832
2020-02-17,216672
2020-02-18,230816
2020-02-19,235424
2020-02-20,227968
2020-02-21,230112
2020-02-22,227840
2020-02-23,230048
2020-02-24,218144
2020-02-25,231200
2020-02-26,232128
2020-02-27,238560
2020-02-28,213440
2020-02-29,227840
2020-03-01,222400
2020-03-02,220992
2020-03-03,215424
2020-03-04,220352
2020-03-05,218368
2020-03-06,218816
2020-03-07,211264
2020-03-08,234176
2020-03-09,215040
2020-03-10,222080
2020-03-11,215296
2020-03-12,222400
2020-03-13,212480
2020-03-14,218688
2020-03-15,216128
2020-03-16,214016
2020-03-17,218432
2020-03-18,230016
2020-03-19,228672
2020-03-20,223424
2020-03-21,230592
2020-03-22,230208
2020-03-23,217344
2020-03-24,220736
2020-03-25,218944
2020-03-26,224256
2020-03-27,222656
2020-03-28,218304
2020-03-29,224768
2020-03-30,222784
2020-03-31,224000
2020-04-01,227968
2020-04-02,220800
2020-04-03,228480
2020-04-04,222528
2020-04-05,225664
2020-04-06,211136
2020-04-07,228864
2020-04-08,216064
2020-04-09,228096
2020-04-10,220864
2020-04-11,228480
2020-04-12,228224
2020-04-13,228864
2020-04-14,222592
2020-04-15,229248
2020-04-16,228480
2020-04-17,223296
2020-04-18,226624
2020-04-19,222528
2020-04-20,219456
2020-04-21,228096
2020-04-22,218624
2020-04-23,213184
2020-04-24,227648
2020-04-25,210496
2020-04-26,218880
2020-04-27,217600
2020-04-28,223296
2020-04-29,226752
2020-04-30,233664
2020-05-01,224512
2020-05-02,229312
2020-05-03,222080
2020-05-04,229440
2020-05-05,212736
2020-05-06,223552
2020-05-07,230336
2020-05-08,223744
2020-05-09,217536
2020-05-10,221824
2020-05-11,223488
2020-05-12,221120
2020-05-13,218624
2020-05-14,226688
2020-05-15,228480
2020-05-16,216384
2020-05-17,225408
2020-05-18,219648
2020-05-19,223232
2020-05-20,223680
2020-05-21,227136
2020-05-22,229248
2020-05-23,233984
2020-05-24,229248
2020-05-25,220032
2020-05-26,223104
2020-05-27,236288
2020-05-28,225728
2020-05-29,225152
2020-05-30,230848
2020-05-31,235072
2020-06-01,219584
2020-06-02,238720
2020-06-03,228416
2020-06-04,226560
2020-06-05,224512
2020-06-06,235264
2020-06-07,236224
2020-06-08,232256
2020-06-09,225280
2020-06-10,236544
2020-06-11,239040
2020-06-12,246144
2020-06-13,236864
2020-06-14,239936
2020-06-15,234624
2020-06-16,231104
2020-06-17,228416
2020-06-18,241344
2020-06-19,232448
2020-06-20,240512
2020-06-21,238016
2020-06-22,225600
2020-06-23,233024
2020-06-24,231296
2020-06-25,227008
2020-06-26,220096
2020-06-27,217216
2020-06-28,232512
2020-06-29,209152
2020-06-30,222656
2020-07-01,213312
2020-07-02,222400
2020-07-03,218176
2020-07-04,212992
2020-07-05,221440
2020-07-06,223424
2020-07-07,226816
2020-07-08,222912
2020-07-09,227008
2020-07-10,228544
2020-07-11,236160
2020-07-12,221312
2020-07-13,213632
2020-07-14,220352
2020-07-15,236800
2020-07-16,227456
2020-07-17,226816
2020-07-18,235584
2020-07-19,224448
2020-07-20,227392
2020-07-21,234816
2020-07-22,235200
2020-07-23,229376
2020-07-24,239872
2020-07-25,234304
2020-07-26,232192
2020-07-27,222656
2020-07-28,225664
2020-07-29,230016
2020-07-30,245504
2020-07-31,247104
2020-08-01,239424
2020-08-02,243200
2020-08-03,232064
2020-08-04,245568
2020-08-05,244800
2020-08-06,234048
2020-08-07,244160
2020-08-08,227648
2020-08-09,235584
2020-08-10,242304
2020-08-11,252480
2020-08-12,253632
2020-08-13,253696
2020-08-14,248832
2020-08-15,248064
2020-08-16,260096
2020-08-17,245440
2020-08-18,253824
2020-08-19,251968
2020-08-20,247360
2020-08-21,254016
2020-08-22,237696
2020-08-23,246784
2020-08-24,227200
2020-08-25,237184
2020-08-26,242432
2020-08-27,225856
2020-08-28,238976
2020-08-29,244672
2020-08-30,247424
2020-08-31,231040
2020-09-01,218752
2020-09-02,230272
2020-09-03,239104
2020-09-04,247936
2020-09-05,240000
2020-09-06,228288
2020-09-07,229504
2020-09-08,249920
2020-09-09,235584
2020-09-10,248064
2020-09-11,223552
2020-09-12,233792
2020-09-13,242688
2020-09-14,235776
2020-09-15,235584
2020-09-16,236288
2020-09-17,239424
2020-09-18,238336
2020-09-19,238912
2020-09-20,244096
2020-09-21,233920
2020-09-22,227712
2020-09-23,235904
2020-09-24,242112
2020-09-25,235648
2020-09-26,228544
2020-09-27,235712
2020-09-28,239040
2020-09-29,232640
2020-09-30,243968
2020-10-01,224128
2020-10-02,230464
2020-10-03,222848
2020-10-04,224704
2020-10-05,218240
2020-10-06,236160
2020-10-07,231168
2020-10-08,231744
2020-10-09,240896
2020-10-10,227968
2020-10-11,228928
2020-10-12,223168
2020-10-13,220352
2020-10-14,225344
2020-10-15,234240
2020-10-16,225472
2020-10-17,222848
2020-10-18,226048
2020-10-19,219200
2020-10-20,225152
2020-10-21,226880
2020-10-22,235648
2020-10-23,232640
2020-10-24,228288
2020-10-25,232448
2020-10-26,225664
2020-10-27,229440
2020-10-28,224512
2020-10-29,232704
2020-10-30,240704
2020-10-31,237824
2020-11-01,228224
2020-11-02,225024
2020-11-03,229120
2020-11-04,230656
2020-11-05,233216
2020-11-06,233408
2020-11-07,237952
2020-11-08,234496
2020-11-09,220800
2020-11-10,229440
2020-11-11,240512
2020-11-12,225280
2020-11-13,244800
2020-11-14,239232
2020-11-15,244288
2020-11-16,228096
2020-11-17,238528
2020-11-18,240064
2020-11-19,245184
2020-11-20,241792
2020-11-21,233088
2020-11-22,235520
2020-11-23,226944
2020-11-24,236800
2020-11-25,234816
2020-11-26,229504
2020-11-27,240512
2020-11-28,246336
2020-11-29,242432
2020-11-30,226240
2020-12-01,243840
2020-12-02,226432
2020-12-03,239488
2020-12-04,234752
2020-12-05,237376
2020-12-06,227520
2020-12-07,224384
2020-12-08,236544
2020-12-09,238272
2020-12-10,228416
2020-12-11,236160
2020-12-12,232192
2020-12-13,230464
2020-12-14,215424
2020-12-15,226560
2020-12-16,232000
2020-12-17,239232
2020-12-18,239616
2020-12-19,247680
2020-12-20,243072
2020-12-21,229440
2020-12-22,233792
2020-12-23,241152
2020-12-24,239808
2020-12-25,255680
2020-12-26,237696
2020-12-27,241856
2020-12-28,234304
2020-12-29,249856
2020-12-30,240256
2020-12-31,243136
2021-01-01,242688
2021-01-02,234432
2021-01-03,245120
2021-01-04,239936
2021-01-05,245376
2021-01-06,239360
2021-01-07,248192
2021-01-08,254272
2021-01-09,267968
2021-01-10,267328
2021-01-11,264256
2021-01-12,266688
2021-01-13,277120
2021-01-14,278080
2021-01-15,284032
2021-01-16,279552
2021-01-17,269912
2021-01-18,262336
2021-01-19,270464
2021-01-20,261568
2021-01-21,267584
2021-01-22,258112
2021-01-23,257600
2021-01-24,239488
2021-01-25,248448
2021-01-26,216128
2021-01-27,242752
2021-01-28,238400
2021-01-29,202560
2021-01-30,234368
2021-01-31,244992
2021-02-01,237376
2021-02-02,241792
2021-02-03,248064
2021-02-04,247040
2021-02-05,243136
2021-02-06,251008
2021-02-07,241984
2021-02-08,237056
2021-02-09,237248
2021-02-10,250880
2021-02-11,250752
2021-02-12,230272
2021-02-13,226368
2021-02-14,230784
2021-02-15,225344
2021-02-16,235520
2021-02-17,231680
2021-02-18,233536
2021-02-19,239744
2021-02-20,238848
2021-02-21,239168
2021-02-22,229504
2021-02-23,230208
2021-02-24,239552
2021-02-25,236544
2021-02-26,239616
2021-02-27,238720
2021-02-28,248320
2021-03-01,234432
2021-03-02,230272
2021-03-03,226624
2021-03-04,226048
2021-03-05,223872
2021-03-06,230336
2021-03-07,223872
2021-03-08,216512
2021-03-09,219328
2021-03-10,219712
2021-03-11,218752
2021-03-12,211520
2021-03-13,225600
2021-03-14,216512
2021-03-15,219264
2021-03-16,216640
2021-03-17,206000
2021-03-18,214528
2021-03-19,217600
2021-03-20,216960
2021-03-21,216704
2021-03-22,203264
2021-03-23,206000
2021-03-24,220096
2021-03-25,230016
2021-03-26,220480
2021-03-27,217344
2021-03-28,217408
2021-03-29,219840
2021-03-30,224064
2021-03-31,222144
2021-04-01,224896
2021-04-02,215872
2021-04-03,217024
2021-04-04,217024
2021-04-05,208512
2021-04-06,221824
2021-04-07,222912
2021-04-08,223360
2021-04-09,218240
2021-04-10,222912
2021-04-11,219392
2021-04-12,213056
2021-04-13,213632
2021-04-14,222208
2021-04-15,216512
2021-04-16,218240
2021-04-17,224384
2021-04-18,216523
2021-04-19,226624
2021-04-20,222080
2021-04-21,216523
2021-04-22,235328
2021-04-23,239296
2021-04-24,243392
2021-04-25,247872
2021-04-26,224960
2021-04-27,225216
2021-04-28,220736
2021-04-29,233984
2021-04-30,239680
2021-05-01,245376
2021-05-02,228800
2021-05-03,229696
2021-05-04,229120
2021-05-05,229632
2021-05-06,220992
2021-05-07,222656
2021-05-08,233408
2021-05-09,228160
2021-05-10,212928
2021-05-11,239040
2021-05-12,240256
2021-05-13,241088
2021-05-14,241344
2021-05-15,237824
2021-05-16,235136
2021-05-17,222656
2021-05-18,224640
2021-05-19,238656
2021-05-20,224640
2021-05-21,222592
2021-05-22,240192
2021-05-23,240448
2021-05-24,225280
2021-05-25,226688
2021-05-26,232384
2021-05-27,215168
2021-05-28,223040
2021-05-29,235904
2021-05-30,240128
2021-05-31,220672
2021-06-01,230592
2021-06-02,227456
2021-06-03,224064
2021-06-04,234560
2021-06-05,229760
2021-06-06,212928
2021-06-07,229568
2021-06-08,237824
2021-06-09,236992
2021-06-10,237568
2021-06-11,239488
2021-06-12,241856
2021-06-13,235968
2021-06-14,230144
2021-06-15,230080
2021-06-16,230720
2021-06-17,237312
2021-06-18,230336
2021-06-19,238912
2021-06-20,236672
2021-06-21,237824
2021-06-22,243456
2021-06-23,230000
2021-06-24,238208
2021-06-25,238592
2021-06-26,236224
2021-06-27,252096
2021-06-28,243648
2021-06-29,235008
2021-06-30,249856
2021-07-01,241600
2021-07-02,244480
2021-07-03,248320
2021-07-04,238080
2021-07-05,235776
2021-07-06,234880
2021-07-07,247104
2021-07-08,249216
2021-07-09,238528
2021-07-10,244544
2021-07-11,243840
2021-07-12,239360
2021-07-13,246400
2021-07-14,256832
2021-07-15,256256
2021-07-16,249152
2021-07-17,248256
2021-07-18,257152
2021-07-19,247040
2021-07-20,253824
2021-07-21,259136
2021-07-22,260096
2021-07-23,260736
2021-07-24,264064
2021-07-25,251456
2021-07-26,260096
2021-07-27,258112
2021-07-28,258368
2021-07-29,258560
2021-07-30,262400
2021-07-31,261248
2021-08-01,250944
2021-08-02,247296
2021-08-03,260032
2021-08-04,255168
2021-08-05,255296
2021-08-06,257088
2021-08-07,255104
2021-08-08,259072
2021-08-09,258624
2021-08-10,254848
2021-08-11,266112
2021-08-12,261248
2021-08-13,258816
2021-08-14,258688
2021-08-15,260992
2021-08-16,265728
2021-08-17,253760
2021-08-18,263168
2021-08-19,255616
2021-08-20,242816
2021-08-21,254272
2021-08-22,258560
2021-08-23,238720
2021-08-24,252800
2021-08-25,247168
2021-08-26,250496
2021-08-27,239552
2021-08-28,237696
2021-08-29,245888
2021-08-30,241728
2021-08-31,239680
2021-09-01,251776
2021-09-02,250816
2021-09-03,246656
2021-09-04,243904
2021-09-05,252608
2021-09-06,241856
2021-09-07,245952
2021-09-08,236544
2021-09-09,249088
2021-09-10,247872
2021-09-11,255936
2021-09-12,257216
2021-09-13,246144
2021-09-14,250816
2021-09-15,249664
2021-09-16,248576
2021-09-17,258304
2021-09-18,265216
2021-09-19,256704
2021-09-20,252544
2021-09-21,247550
2021-09-22,247559
2021-09-23,247551
2021-09-24,247558
2021-09-25,247808
2021-09-26,245504
2021-09-27,241216
2021-09-28,239808
2021-09-29,237504
2021-09-30,241984
2021-10-01,242880
2021-10-02,243840
2021-10-03,253760
2021-10-04,233472
2021-10-05,227008
2021-10-06,240704
2021-10-07,250816
2021-10-08,248064
2021-10-09,256512
2021-10-10,245440
2021-10-11,247360
2021-10-12,238912
2021-10-13,241472
2021-10-14,245184
2021-10-15,253056
2021-10-16,233984
2021-10-17,238208
2021-10-18,233344
2021-10-19,242048
2021-10-20,236928
2021-10-21,246144
2021-10-22,240704
2021-10-23,241024
2021-10-24,236032
2021-10-25,230592
2021-10-26,244352
2021-10-27,247168
2021-10-28,244736
2021-10-29,245376
2021-10-30,238208
2021-10-31,242304
2021-11-01,235136
2021-11-02,241536
2021-11-03,243328
2021-11-04,241920
2021-11-05,240000
2021-11-06,239552
2021-11-07,238080
2021-11-08,228928
2021-11-09,238528
2021-11-10,239680
2021-11-11,245888
2021-11-12,250496
2021-11-13,252672
2021-11-14,259328
2021-11-15,236736
2021-11-16,245504
2021-11-17,246720
2021-11-18,245696
2021-11-19,252992
2021-11-20,259968
2021-11-21,249728
2021-11-22,248064
2021-11-23,242816
2021-11-24,243456
2021-11-25,250880
2021-11-26,253056
2021-11-27,260352
2021-11-28,250688
2021-11-29,236736
2021-11-30,251584
2021-12-01,235840
2021-12-02,240064
2021-12-03,243776
2021-12-04,252800
2021-12-05,239744
2021-12-06,242880
2021-12-07,242368
2021-12-08,251264
2021-12-09,250496
2021-12-10,249024
2021-12-11,238208
2021-12-12,246400
2021-12-13,230272
2021-12-14,245312
2021-12-15,241472
2021-12-16,252864
2021-12-17,242432
2021-12-18,245504
2021-12-19,246016
2021-12-20,242816
2021-12-21,238592
2021-12-22,248640
2021-12-23,244736
2021-12-24,251968
2021-12-25,236736
2021-12-26,247040
2021-12-27,246464
2021-12-28,248192
2021-12-29,258304
2021-12-30,260864
2021-12-31,252096
2022-01-01,267520
2022-01-02,255040
2022-01-03,255872
2022-01-04,252032
2022-01-05,260992
2022-01-06,254592
2022-01-07,252032
2022-01-08,257856
2022-01-09,249280
2022-01-10,245120
2022-01-11,249472
2022-01-12,250496
2022-01-13,255232
2022-01-14,250176
2022-01-15,257088
2022-01-16,251648
2022-01-17,245632
2022-01-18,252352
2022-01-19,252992
2022-01-20,247488
2022-01-21,259776
2022-01-22,256128
2022-01-23,259712
2022-01-24,251648
2022-01-25,250176
2022-01-26,249664
2022-01-27,252544
2022-01-28,241472
2022-01-29,248640
2022-01-30,247488
2022-01-31,253952
2022-02-01,236992
2022-02-02,242176
2022-02-03,238080
2022-02-04,243328
2022-02-05,242304
2022-02-06,246720
2022-02-07,243008
2022-02-08,253312
2022-02-09,250496
2022-02-10,249856
2022-02-11,250880
2022-02-12,254976
2022-02-13,241024
2022-02-14,245504
2022-02-15,238464
2022-02-16,240640
2022-02-17,239808
2022-02-18,252800
2022-02-19,256192
2022-02-20,247680
2022-02-21,231744
2022-02-22,253440
2022-02-23,243136
2022-02-24,247040
2022-02-25,237056
2022-02-26,249472
2022-02-27,245248
2022-02-28,241472
2022-03-01,241152
2022-03-02,248064
2022-03-03,241280
2022-03-04,242368
2022-03-05,231424
2022-03-06,235776
2022-03-07,234624
2022-03-08,242368
2022-03-09,234304
2022-03-10,240896
2022-03-11,228160
2022-03-12,246848
2022-03-13,234688
2022-03-14,223360
2022-03-15,233024
2022-03-16,239616
2022-03-17,235328
2022-03-18,237888
2022-03-19,228736
2022-03-20,236416
2022-03-21,229056
2022-03-22,233792
2022-03-23,225472
2022-03-24,235456
2022-03-25,228480
2022-03-26,228544
2022-03-27,232192
2022-03-28,226944
2022-03-29,231360
2022-03-30,231040
2022-03-31,228480
2022-04-01,230144
2022-04-02,232512
2022-04-03,235648
2022-04-04,221760
2022-04-05,228224
2022-04-06,232768
2022-04-07,239168
2022-04-08,240576
2022-04-09,242816
2022-04-10,238656
2022-04-11,242048
2022-04-12,232000
2022-04-13,240896
2022-04-14,235328
2022-04-15,243712
2022-04-16,236416
2022-04-17,236352
2022-04-18,228032
2022-04-19,238784
2022-04-20,239040
2022-04-21,242880
2022-04-22,241088
2022-04-23,238464
2022-04-24,233088
2022-04-25,238080
2022-04-26,235200
2022-04-27,249344
2022-04-28,241856
2022-04-29,250624
2022-04-30,247424
2022-05-01,247424
2022-05-02,236416
2022-05-03,242112
2022-05-04,243456
2022-05-05,245696
2022-05-06,244608
2022-05-07,250368
2022-05-08,243008
2022-05-09,235584
2022-05-10,236032
2022-05-11,236864
2022-05-12,245568
2022-05-13,251264
2022-05-14,242368
2022-05-15,247744
2022-05-16,240256
2022-05-17,247104
2022-05-18,248128
2022-05-19,250112
2022-05-20,244160
2022-05-21,261504
2022-05-22,241984
2022-05-23,251776
2022-05-24,255104
2022-05-25,251456
2022-05-26,241280
2022-05-27,253440
2022-05-28,254784
2022-05-29,254720
2022-05-30,234880
2022-05-31,247168
2022-06-01,247040
2022-06-02,249280
2022-06-03,251712
2022-06-04,258752
2022-06-05,257984
2022-06-06,246656
2022-06-07,238976
2022-06-08,243328
2022-06-09,247616
2022-06-10,257920
2022-06-11,249344
2022-06-12,258496
2022-06-13,247296
2022-06-14,249728
2022-06-15,235456
2022-06-16,249408
2022-06-17,244288
2022-06-18,254848
2022-06-19,245376
2022-06-20,257664
2022-06-21,253312
2022-06-22,261440
2022-06-23,246464
2022-06-24,257088
2022-06-25,255552
2022-06-26,250304
2022-06-27,239040
2022-06-28,254656
2022-06-29,244800
2022-06-30,252160
2022-07-01,257536
2022-07-02,260288
2022-07-03,254336
2022-07-04,255680
2022-07-05,257728
2022-07-06,260928
2022-07-07,258688
2022-07-08,256256
2022-07-09,258880
2022-07-10,260160
2022-07-11,246208
2022-07-12,240896
2022-07-13,246272
2022-07-14,253568
2022-07-15,255680
2022-07-16,258496
2022-07-17,253312
2022-07-18,244096
2022-07-19,244992
2022-07-20,260480
2022-07-21,248448
2022-07-22,252672
2022-07-23,251264
2022-07-24,254912
2022-07-25,255744
2022-07-26,259200
2022-07-27,255680
2022-07-28,267264
2022-07-29,269120
2022-07-30,274240
2022-07-31,264256
2022-08-01,260288
2022-08-02,253376
2022-08-03,260672
2022-08-04,262912
2022-08-05,264896
2022-08-06,267328
2022-08-07,266112
2022-08-08,255680
2022-08-09,254592
2022-08-10,246528
2022-08-11,245824
2022-08-12,261696
2022-08-13,263488
2022-08-14,254208
2022-08-15,261440
2022-08-16,254720
2022-08-17,269120
2022-08-18,260800
2022-08-19,258112
2022-08-20,257984
2022-08-21,265344
2022-08-22,254912
2022-08-23,256192
2022-08-24,251200
2022-08-25,252352
2022-08-26,249728
2022-08-27,250816
2022-08-28,249088
2022-08-29,232512
2022-08-30,240896
2022-08-31,240768
2022-09-01,246208
2022-09-02,247104
2022-09-03,244544
2022-09-04,242688
2022-09-05,234176
2022-09-06,248128
2022-09-07,252352
2022-09-08,254720
2022-09-09,259776
2022-09-10,242432
2022-09-11,244928
2022-09-12,250432
2022-09-13,238208
2022-09-14,241024
2022-09-15,249152
2022-09-16,257280
2022-09-17,244224
2022-09-18,251136
2022-09-19,246080
2022-09-20,244480
2022-09-21,248064
2022-09-22,252928
2022-09-23,243584
2022-09-24,245184
2022-09-25,242048
2022-09-26,245952
2022-09-27,246016
2022-09-28,242752
2022-09-29,240256
2022-09-30,250880
2022-10-01,248512
2022-10-02,246528
2022-10-03,242880
2022-10-04,248576
2022-10-05,240384
2022-10-06,240704
2022-10-07,241920
2022-10-08,242304
2022-10-09,236160
2022-10-10,234240
2022-10-11,236416
2022-10-12,243072
2022-10-13,239616
2022-10-14,249344
2022-10-15,237952
2022-10-16,238016
2022-10-17,233664
2022-10-18,244992
2022-10-19,242432
2022-10-20,237952
2022-10-21,240384
2022-10-22,230016
2022-10-23,228032
2022-10-24,241216
2022-10-25,237952
2022-10-26,239104
2022-10-27,244096
2022-10-28,240768
2022-10-29,228736
2022-10-30,242112
2022-10-31,234176
2022-11-01,239232
2022-11-02,240384
2022-11-03,240640
2022-11-04,233984
2022-11-05,241920
2022-11-06,239360
2022-11-07,241984
2022-11-08,252352
2022-11-09,245120
2022-11-10,262656
2022-11-11,250112
2022-11-12,251840
2022-11-13,243840
2022-11-14,243264
2022-11-15,251136
2022-11-16,252096
2022-11-17,171008
2022-11-18,322432
2022-11-19,262976
2022-11-20,246528
2022-11-21,246272
2022-11-22,255488
2022-11-23,241792
2022-11-24,247232
2022-11-25,251776
2022-11-26,254720
2022-11-27,244160
2022-11-28,245184
2022-11-29,246912
2022-11-30,238272
2022-12-01,240000
2022-12-02,248448
2022-12-03,252928
2022-12-04,236096
2022-12-05,231360
2022-12-06,245056
2022-12-07,246848
2022-12-08,242176
2022-12-09,243456
2022-12-10,245184
2022-12-11,240320
2022-12-12,240384
2022-12-13,208256
2022-12-14,267648
2022-12-15,253184
2022-12-16,245504
2022-12-17,242880
2022-12-18,236352
2022-12-19,245504
2022-12-20,244608
2022-12-21,255360
2022-12-22,249728
2022-12-23,248064
2022-12-24,248192
2022-12-25,249792
2022-12-26,255168
2022-12-27,256768
2022-12-28,256768
2022-12-29,255616
2022-12-30,256512
2022-12-31,253440
2023-01-01,258112
2023-01-02,253760
2023-01-03,252160
2023-01-04,255872
2023-01-05,245760
2023-01-06,255168
2023-01-07,250880
2023-01-08,249408
2023-01-09,247616
2023-01-10,250304
2023-01-11,250112
2023-01-12,250368
2023-01-13,245952
2023-01-14,245312
2023-01-15,233792
2023-01-16,248768
2023-01-17,233088
2023-01-18,253312
2023-01-19,250752
2023-01-20,251200
2023-01-21,262272
2023-01-22,238848
2023-01-23,246272
2023-01-24,241984
2023-01-25,246464
2023-01-26,246592
2023-01-27,253696
2023-01-28,252608
2023-01-29,263360
2023-01-30,261184
2023-01-31,268992
2023-02-01,268160
2023-02-02,261504
2023-02-03,256960
2023-02-04,257856
2023-02-05,261184
2023-02-06,249984
2023-02-07,258176
2023-02-08,258112
2023-02-09,262400
2023-02-10,259264
2023-02-11,261888
2023-02-12,243648
2023-02-13,252992
2023-02-14,251328
2023-02-15,254848
2023-02-16,252672
2023-02-17,249984
2023-02-18,249280
2023-02-19,239744
2023-02-20,242624
2023-02-21,250240
2023-02-22,256192
2023-02-23,254720
2023-02-24,250688
2023-02-25,246016
2023-02-26,230080
2023-02-27,235968
2023-02-28,244352
2023-03-01,239360
2023-03-02,229248
2023-03-03,240448
2023-03-04,231424
2023-03-05,235904
2023-03-06,235456
2023-03-07,241344
2023-03-08,249152
2023-03-09,237888
2023-03-10,232000
2023-03-11,236992
2023-03-12,224384
2023-03-13,222912
2023-03-14,226816
2023-03-15,238080
2023-03-16,239616
2023-03-17,235520
2023-03-18,152832
2023-03-19,112512
2023-03-20,443520
2023-03-21,235712
2023-03-22,233600
2023-03-23,241664
2023-03-24,231488
2023-03-25,240640
2023-03-26,235712
2023-03-27,232640
2023-03-28,234176
2023-03-29,234048
2023-03-30,237312
2023-03-31,243072
2023-04-01,233344
2023-04-02,238400
2023-04-03,226880
2023-04-04,241664
2023-04-05,222592
2023-04-06,233344
2023-04-07,232768
2023-04-08,229248
2023-04-09,243392
2023-04-10,214272
2023-04-11,235264
2023-04-12,238784
2023-04-13,247424
2023-04-14,240256
2023-04-15,239552
2023-04-16,235648
2023-04-17,223488
2023-04-18,235264
2023-04-19,246528
2023-04-20,246144
2023-04-21,238400
2023-04-22,250944
2023-04-23,242048
2023-04-24,237568
2023-04-25,234432
2023-04-26,233664
2023-04-27,241536
2023-04-28,241280
2023-04-29,234560
2023-04-30,235520
2023-05-01,241984
2023-05-02,245440
2023-05-03,240704
2023-05-04,242688
2023-05-05,244864
2023-05-06,236224
2023-05-07,226880
2023-05-08,241024
2023-05-09,244864
2023-05-10,242560
2023-05-11,239360
2023-05-12,242176
2023-05-13,239296
2023-05-14,238912
2023-05-15,235328
2023-05-16,243008
2023-05-17,246272
2023-05-18,245440
2023-05-19,251328
2023-05-20,257408
2023-05-21,236608
2023-05-22,229312
2023-05-23,247680
2023-05-24,251200
2023-05-25,235584
2023-05-26,246528
2023-05-27,244224
2023-05-28,238080
2023-05-29,234240
2023-05-30,247808
2023-05-31,249280
2023-06-01,257280
2023-06-02,245760
2023-06-03,248960
2023-06-04,252096
2023-06-05,259648
2023-06-06,251968
2023-06-07,247488
2023-06-08,248320
2023-06-09,249856
2023-06-10,247424
2023-06-11,250688
2023-06-12,241024
2023-06-13,251968
2023-06-14,241600
2023-06-15,259328
2023-06-16,262912
2023-06-17,264832
2023-06-18,262272
2023-06-19,261440
2023-06-20,259904
2023-06-21,241600
2023-06-22,259264
2023-06-23,256000
2023-06-24,258752
2023-06-25,255232
2023-06-26,240064
2023-06-27,252800
2023-06-28,258176
2023-06-29,253568
2023-06-30,256000
2023-07-01,269824
2023-07-02,264704
2023-07-03,262016
2023-07-04,261376
2023-07-05,264382
2023-07-06,260224
2023-07-07,258240
2023-07-08,255936
2023-07-09,251776
2023-07-10,249664
